Name,Team,Position,Salary,Points,Opponent,Risk,Ownership,,,,,,,,,,,,,,,,,,
Gus Edwards ,BAL,CPT,9300,18.3,PIT,4.575,High,,,,,,,,,,,,,,,,,Dalvin Cook,21.1
Diontae Johnson ,PIT,CPT,16200,17.85,BAL,4.4625,High,,,,,,,,,,,,,,,,,Aaron Jones,18.2
Benny Snell Jr. ,PIT,CPT,13200,15.6,BAL,3.9,High,,,,,,,,,,,,,,,,,Darren Waller,17.3
Robert Griffin III,BAL,FLEX,8400,16.7,PIT,4.175,High,,,,,,,,,,,,,,,,,Davante Adams,18.5
Ben Roethlisberger,PIT,FLEX,11400,15.8,BAL,3.95,High,,,,,,,,,,,,,,,,,Ezekiel Elliott,16.6
Gus Edwards,BAL,FLEX,6200,12.2,PIT,3.05,High,,,,,,,,,,,,,,,,,Justin Jefferson,18.2
Diontae Johnson,PIT,FLEX,10800,11.9,BAL,3,High,,,,,,,,,,,,,,,,,James Robinson,16.5
JuJu Smith-Schuster,PIT,FLEX,9600,11,BAL,3,Low,,,,,,,,,,,,,,,,,Travis Kelce,16.5
Benny Snell Jr.,PIT,FLEX,8800,10.4,BAL,3,High,,,,,,,,,,,,,,,,,Mike Davis,16.4
Chase Claypool,PIT,FLEX,10400,10.3,BAL,3,Low,,,,,,,,,,,,,,,,,Miles Sanders,16.2
Marquise Brown,BAL,FLEX,5800,10.2,PIT,3,Low,,,,,,,,,,,,,,,,,Josh Jacobs,15.7
Anthony McFarland Jr.,PIT,FLEX,2600,9.7,BAL,3,Low,,,,,,,,,,,,,,,,,Terry McLaurin,17.3
Eric Ebron,PIT,FLEX,6600,9.3,BAL,3,Low,,,,,,,,,,,,,,,,,Calvin Ridley,17.2
Chris Boswell,PIT,FLEX,4000,8.9,BAL,3,Low,,,,,,,,,,,,,,,,,Alvin Kamara,15.4
Justin Tucker,BAL,FLEX,3800,8.5,PIT,3,Low,,,,,,,,,,,,,,,,,DeAndre Hopkins,17
Dez Bryant,BAL,FLEX,4800,7.5,PIT,3,Low,,,,,,,,,,,,,,,,,Duke Johnson Jr.,15.3
Steelers ,PIT,FLEX,7800,7.1,BAL,3,High,,,,,,,,,,,,,,,,,Derrick Henry,15.1
Justice Hill,BAL,FLEX,2200,6.4,PIT,3,Low,,,,,,,,,,,,,,,,,Tyreek Hill,16.6
James Washington,PIT,FLEX,3600,5.8,BAL,2,Low,,,,,,,,,,,,,,,,,Chris Carson,14.9
Ravens ,BAL,FLEX,3000,5.6,PIT,2,Low,,,,,,,,,,,,,,,,,Michael Thomas,16.3
Devin Duvernay,BAL,FLEX,3200,5.5,PIT,2,Low,,,,,,,,,,,,,,,,,Tyler Lockett,16
Luke Willson,BAL,FLEX,2400,5.3,PIT,2,Low,,,,,,,,,,,,,,,,,Cooper Kupp,15.7
Miles Boykin,BAL,FLEX,1800,3.9,PIT,2,Low,,,,,,,,,,,,,,,,,A.J. Brown,15.7
Ray-Ray McCloud III,PIT,FLEX,1200,1.8,BAL,2,Low,,,,,,,,,,,,,,,,,Giovani Bernard,13.9
,,,,,,,,,,,,,,,,,,,,,,,,David Montgomery,13.6
,,,,,,,,,,,,,,,,,,,,,,,,Austin Ekeler,13.5
,,,,,,,,,,,,,,,,,,,,,,,,Clyde Edwards-Helaire,13.5
,,,,,,,,,,,,,,,,,,,,,,,,Will Fuller V,14.8
,,,,,,,,,,,,,,,,,,,,,,,,D.J. Moore,14.8
,,,,,,,,,,,,,,,,,,,,,,,,Kenyan Drake,13.1
,,,,,,,,,,,,,,,,,,,,,,,,Deshaun Watson,23.4
,,,,,,,,,,,,,,,,,,,,,,,,DK Metcalf,14.7
,,,,,,,,,,,,,,,,,,,,,,,,Keenan Allen,14.6
,,,,,,,,,,,,,,,,,,,,,,,,Amari Cooper,14.6
,,,,,,,,,,,,,,,,,,,,,,,,T.J. Hockenson,13
,,,,,,,,,,,,,,,,,,,,,,,,Stefon Diggs,14.5
,,,,,,,,,,,,,,,,,,,,,,,,Kareem Hunt,12.8
,,,,,,,,,,,,,,,,,,,,,,,,Jordan Wilkins,12.8
,,,,,,,,,,,,,,,,,,,,,,,,Marvin Jones Jr.,14.3
,,,,,,,,,,,,,,,,,,,,,,,,Brandin Cooks,14.2
,,,,,,,,,,,,,,,,,,,,,,,,DeVante Parker,14.2
,,,,,,,,,,,,,,,,,,,,,,,,Jakobi Meyers,14.2
,,,,,,,,,,,,,,,,,,,,,,,,Kerryon Johnson,12.4
,,,,,,,,,,,,,,,,,,,,,,,,Nick Chubb,12.4
,,,,,,,,,,,,,,,,,,,,,,,,Antonio Gibson,12.4
,,,,,,,,,,,,,,,,,,,,,,,,Nyheim Hines,12.3
,,,,,,,,,,,,,,,,,,,,,,,,Robby Anderson,13.9
,,,,,,,,,,,,,,,,,,,,,,,,Ronald Jones,12.2
,,,,,,,,,,,,,,,,,,,,,,,,Chris Godwin,13.8
,,,,,,,,,,,,,,,,,,,,,,,,James White,11.9
,,,,,,,,,,,,,,,,,,,,,,,,Gus Edwards,11.9
,,,,,,,,,,,,,,,,,,,,,,,,Kyler Murray,22
,,,,,,,,,,,,,,,,,,,,,,,,Mike Evans,13.3
,,,,,,,,,,,,,,,,,,,,,,,,CeeDee Lamb,13.3
,,,,,,,,,,,,,,,,,,,,,,,,Allen Robinson II,13.2
,,,,,,,,,,,,,,,,,,,,,,,,Mark Andrews,11.6
,,,,,,,,,,,,,,,,,,,,,,,,Patrick Mahomes,21.8
,,,,,,,,,,,,,,,,,,,,,,,,Hayden Hurst,11.5
,,,,,,,,,,,,,,,,,,,,,,,,Cam Newton,21.7
,,,,,,,,,,,,,,,,,,,,,,,,Jamison Crowder,13
,,,,,,,,,,,,,,,,,,,,,,,,Dallas Goedert,11.4
,,,,,,,,,,,,,,,,,,,,,,,,Melvin Gordon III,10.9
,,,,,,,,,,,,,,,,,,,,,,,,Matt Breida,10.9
,,,,,,,,,,,,,,,,,,,,,,,,Josh Allen,21.2
,,,,,,,,,,,,,,,,,,,,,,,,Antonio Brown,12.5
,,,,,,,,,,,,,,,,,,,,,,,,Jarvis Landry,12.5
,,,,,,,,,,,,,,,,,,,,,,,,Robert Woods,12.4
,,,,,,,,,,,,,,,,,,,,,,,,Tyler Boyd,12.4
,,,,,,,,,,,,,,,,,,,,,,,,Travis Fulgham,12.4
,,,,,,,,,,,,,,,,,,,,,,,,J.D. McKissic,10.6
,,,,,,,,,,,,,,,,,,,,,,,,Zack Moss,10.6
,,,,,,,,,,,,,,,,,,,,,,,,Darius Slayton,12.2
,,,,,,,,,,,,,,,,,,,,,,,,Rob Gronkowski,10.6
,,,,,,,,,,,,,,,,,,,,,,,,Leonard Fournette,10.5
,,,,,,,,,,,,,,,,,,,,,,,,Raheem Mostert,10.4
,,,,,,,,,,,,,,,,,,,,,,,,Russell Wilson,20.7
,,,,,,,,,,,,,,,,,,,,,,,,Tom Brady,20.6
,,,,,,,,,,,,,,,,,,,,,,,,Hunter Henry,10.3
,,,,,,,,,,,,,,,,,,,,,,,,Benny Snell Jr.,10.2
,,,,,,,,,,,,,,,,,,,,,,,,Keelan Cole,11.8
,,,,,,,,,,,,,,,,,,,,,,,,Kyle Rudolph,10.2
,,,,,,,,,,,,,,,,,,,,,,,,Austin Hooper,10.2
,,,,,,,,,,,,,,,,,,,,,,,,Russell Gage,11.7
,,,,,,,,,,,,,,,,,,,,,,,,Laviska Shenault Jr.,11.7
,,,,,,,,,,,,,,,,,,,,,,,,Adrian Peterson,10
,,,,,,,,,,,,,,,,,,,,,,,,Marvin Hall,11.6
,,,,,,,,,,,,,,,,,,,,,,,,Evan Engram,9.9
,,,,,,,,,,,,,,,,,,,,,,,,Matthew Stafford,20
,,,,,,,,,,,,,,,,,,,,,,,,Taysom Hill,20
,,,,,,,,,,,,,,,,,,,,,,,,Curtis Samuel,11.3
,,,,,,,,,,,,,,,,,,,,,,,,Diontae Johnson,11.3
,,,,,,,,,,,,,,,,,,,,,,,,Jonnu Smith,9.7
,,,,,,,,,,,,,,,,,,,,,,,,Brian Hill,9.6
,,,,,,,,,,,,,,,,,,,,,,,,Ryan Fitzpatrick,19.8
,,,,,,,,,,,,,,,,,,,,,,,,Jordan Akins,9.5
,,,,,,,,,,,,,,,,,,,,,,,,Mike Gesicki,9.5
,,,,,,,,,,,,,,,,,,,,,,,,Frank Gore,9.4
,,,,,,,,,,,,,,,,,,,,,,,,Rashard Higgins,11
,,,,,,,,,,,,,,,,,,,,,,,,Tee Higgins,10.9
,,,,,,,,,,,,,,,,,,,,,,,,Dalton Schultz,9.3
,,,,,,,,,,,,,,,,,,,,,,,,T.Y. Hilton,10.8
,,,,,,,,,,,,,,,,,,,,,,,,Tyler Eifert,9
,,,,,,,,,,,,,,,,,,,,,,,,Eric Ebron,9
,,,,,,,,,,,,,,,,,,,,,,,,Devin Singletary,8.9
,,,,,,,,,,,,,,,,,,,,,,,,Matt Ryan,19.2
,,,,,,,,,,,,,,,,,,,,,,,,Sterling Shepard,10.5
,,,,,,,,,,,,,,,,,,,,,,,,Corey Davis,10.5
,,,,,,,,,,,,,,,,,,,,,,,,Wayne Gallman,8.8
,,,,,,,,,,,,,,,,,,,,,,,,Baker Mayfield,19.1
,,,,,,,,,,,,,,,,,,,,,,,,JuJu Smith-Schuster,10.4
,,,,,,,,,,,,,,,,,,,,,,,,Denzel Mims,10.4
,,,,,,,,,,,,,,,,,,,,,,,,Latavius Murray,8.7
,,,,,,,,,,,,,,,,,,,,,,,,Devonta Freeman,8.7
,,,,,,,,,,,,,,,,,,,,,,,,Jerick McKinnon,8.6
,,,,,,,,,,,,,,,,,,,,,,,,Chase Edmonds,8.6
,,,,,,,,,,,,,,,,,,,,,,,,Daniel Jones,18.9
,,,,,,,,,,,,,,,,,,,,,,,,A.J. Green,10.2
,,,,,,,,,,,,,,,,,,,,,,,,Darrell Henderson,8.5
,,,,,,,,,,,,,,,,,,,,,,,,Kendrick Bourne,10.1
,,,,,,,,,,,,,,,,,,,,,,,,Damiere Byrd,10
,,,,,,,,,,,,,,,,,,,,,,,,Deebo Samuel,10
,,,,,,,,,,,,,,,,,,,,,,,,Kirk Cousins,18.5
,,,,,,,,,,,,,,,,,,,,,,,,Chase Claypool,9.8
,,,,,,,,,,,,,,,,,,,,,,,,Marquise Brown,9.8
,,,,,,,,,,,,,,,,,,,,,,,,Damien Harris,8.1
,,,,,,,,,,,,,,,,,,,,,,,,Aaron Rodgers,18.4
,,,,,,,,,,,,,,,,,,,,,,,,Ryan Tannehill,18.4
,,,,,,,,,,,,,,,,,,,,,,,,Christian Kirk,9.7
,,,,,,,,,,,,,,,,,,,,,,,,Jordan Reed,8.1
,,,,,,,,,,,,,,,,,,,,,,,,Ty Johnson,8
,,,,,,,,,,,,,,,,,,,,,,,,Andy Dalton,18.3
,,,,,,,,,,,,,,,,,,,,,,,,Collin Johnson,9.6
,,,,,,,,,,,,,,,,,,,,,,,,Trey Burton,8
,,,,,,,,,,,,,,,,,,,,,,,,Jakeem Grant,9.5
,,,,,,,,,,,,,,,,,,,,,,,,Jimmy Graham,7.9
,,,,,,,,,,,,,,,,,,,,,,,,Tyler Higbee,7.9
,,,,,,,,,,,,,,,,,,,,,,,,Emmanuel Sanders,9.4
,,,,,,,,,,,,,,,,,,,,,,,,Carlos Hyde,7.7
,,,,,,,,,,,,,,,,,,,,,,,,Malcolm Brown,7.7
,,,,,,,,,,,,,,,,,,,,,,,,Alexander Mattison,7.7
,,,,,,,,,,,,,,,,,,,,,,,,Cordarrelle Patterson,9.3
,,,,,,,,,,,,,,,,,,,,,,,,Sammy Watkins,9.3
,,,,,,,,,,,,,,,,,,,,,,,,Breshad Perriman,9.3
,,,,,,,,,,,,,,,,,,,,,,,,N'Keal Harry,9.3
,,,,,,,,,,,,,,,,,,,,,,,,Jamaal Williams,7.6
,,,,,,,,,,,,,,,,,,,,,,,,Nelson Agholor,9.2
,,,,,,,,,,,,,,,,,,,,,,,,Michael Gallup,9.2
,,,,,,,,,,,,,,,,,,,,,,,,Josh Reynolds,9.1
,,,,,,,,,,,,,,,,,,,,,,,,Olabisi Johnson,9.1
,,,,,,,,,,,,,,,,,,,,,,,,Patrick Laird,7.4
,,,,,,,,,,,,,,,,,,,,,,,,Allen Lazard,9
,,,,,,,,,,,,,,,,,,,,,,,,Robert Tonyan,7.4
,,,,,,,,,,,,,,,,,,,,,,,,Philip Rivers,17.6
,,,,,,,,,,,,,,,,,,,,,,,,Michael Pittman Jr.,8.9
,,,,,,,,,,,,,,,,,,,,,,,,Phillip Lindsay,7.2
,,,,,,,,,,,,,,,,,,,,,,,,Jalen Reagor,8.8
,,,,,,,,,,,,,,,,,,,,,,,,Jared Goff,17.4
,,,,,,,,,,,,,,,,,,,,,,,,Teddy Bridgewater,17.3
,,,,,,,,,,,,,,,,,,,,,,,,Cole Beasley,8.6
,,,,,,,,,,,,,,,,,,,,,,,,Devontae Booker,6.9
,,,,,,,,,,,,,,,,,,,,,,,,Tony Pollard,6.9
,,,,,,,,,,,,,,,,,,,,,,,,Sony Michel,6.9
,,,,,,,,,,,,,,,,,,,,,,,,Mike Williams,8.5
,,,,,,,,,,,,,,,,,,,,,,,,Chad Beebe,8.5
,,,,,,,,,,,,,,,,,,,,,,,,Justice Hill,6.8
,,,,,,,,,,,,,,,,,,,,,,,,Golden Tate,8.4
,,,,,,,,,,,,,,,,,,,,,,,,C.J. Prosise,6.7
,,,,,,,,,,,,,,,,,,,,,,,,Logan Thomas,6.6
,,,,,,,,,,,,,,,,,,,,,,,,Carson Wentz,16.7
,,,,,,,,,,,,,,,,,,,,,,,,Richie James Jr.,8
,,,,,,,,,,,,,,,,,,,,,,,,Henry Ruggs III,8
,,,,,,,,,,,,,,,,,,,,,,,,Jared Cook,6.4
,,,,,,,,,,,,,,,,,,,,,,,,Derek Carr,16.6
,,,,,,,,,,,,,,,,,,,,,,,,Boston Scott,6.2
,,,,,,,,,,,,,,,,,,,,,,,,Anthony McFarland Jr.,6.2
,,,,,,,,,,,,,,,,,,,,,,,,Zach Pascal,7.8
,,,,,,,,,,,,,,,,,,,,,,,,Samaje Perine,6.1
,,,,,,,,,,,,,,,,,,,,,,,,Hunter Renfrow,7.7
,,,,,,,,,,,,,,,,,,,,,,,,Anthony Miller,7.7
,,,,,,,,,,,,,,,,,,,,,,,,Sam Darnold,16.4
,,,,,,,,,,,,,,,,,,,,,,,,Gerald Everett,6.1
,,,,,,,,,,,,,,,,,,,,,,,,Mitchell Trubisky,16.3
,,,,,,,,,,,,,,,,,,,,,,,,Ito Smith,5.9
,,,,,,,,,,,,,,,,,,,,,,,,Christian Blake,7.5
,,,,,,,,,,,,,,,,,,,,,,,,Joshua Kelley,5.8
,,,,,,,,,,,,,,,,,,,,,,,,Alex Smith,16.1
,,,,,,,,,,,,,,,,,,,,,,,,Justin Herbert,16.1
,,,,,,,,,,,,,,,,,,,,,,,,Willie Snead IV,7.4
,,,,,,,,,,,,,,,,,,,,,,,,Anthony Firkser,5.8
,,,,,,,,,,,,,,,,,,,,,,,,Robert Griffin III,16
,,,,,,,,,,,,,,,,,,,,,,,,Mike Glennon,16
,,,,,,,,,,,,,,,,,,,,,,,,Brandon Allen,16
,,,,,,,,,,,,,,,,,,,,,,,,Jamal Agnew,7.3
,,,,,,,,,,,,,,,,,,,,,,,,Darnell Mooney,7.3
,,,,,,,,,,,,,,,,,,,,,,,,DeAndre Washington,5.6
,,,,,,,,,,,,,,,,,,,,,,,,Marquez Valdes-Scantling,7.2
,,,,,,,,,,,,,,,,,,,,,,,,Le'Veon Bell,5.5
,,,,,,,,,,,,,,,,,,,,,,,,Devine Ozigbo,5.5
,,,,,,,,,,,,,,,,,,,,,,,,KhaDarel Hodge,7.1
,,,,,,,,,,,,,,,,,,,,,,,,Noah Fant,5.4
,,,,,,,,,,,,,,,,,,,,,,,,Chris Herndon,5.4
,,,,,,,,,,,,,,,,,,,,,,,,Cam Akers,5.2
,,,,,,,,,,,,,,,,,,,,,,,,Andy Isabella,6.8
,,,,,,,,,,,,,,,,,,,,,,,,Harrison Bryant,5.2
,,,,,,,,,,,,,,,,,,,,,,,,Marcus Johnson,6.7
,,,,,,,,,,,,,,,,,,,,,,,,Kendall Hinton,6.7
,,,,,,,,,,,,,,,,,,,,,,,,Mo Alie-Cox,5.1
,,,,,,,,,,,,,,,,,,,,,,,,Ben Ellefson,5.1
,,,,,,,,,,,,,,,,,,,,,,,,Rodney Smith,5
,,,,,,,,,,,,,,,,,,,,,,,,Jeff Wilson Jr.,5
,,,,,,,,,,,,,,,,,,,,,,,,Dontrelle Inman,6.6
,,,,,,,,,,,,,,,,,,,,,,,,Darren Fells,5
,,,,,,,,,,,,,,,,,,,,,,,,Keke Coutee,6.5
,,,,,,,,,,,,,,,,,,,,,,,,Dawson Knox,4.8
,,,,,,,,,,,,,,,,,,,,,,,,Ben Roethlisberger,15
,,,,,,,,,,,,,,,,,,,,,,,,Mecole Hardman,6.3
,,,,,,,,,,,,,,,,,,,,,,,,Drew Sample,4.7
,,,,,,,,,,,,,,,,,,,,,,,,Dan Arnold,4.7
,,,,,,,,,,,,,,,,,,,,,,,,Nick Mullens,14.9
,,,,,,,,,,,,,,,,,,,,,,,,David Moore,6.2
,,,,,,,,,,,,,,,,,,,,,,,,Jesse James,4.6
,,,,,,,,,,,,,,,,,,,,,,,,David Njoku,4.6
,,,,,,,,,,,,,,,,,,,,,,,,Will Dissly,4.6
,,,,,,,,,,,,,,,,,,,,,,,,Ryan Izzo,4.5
,,,,,,,,,,,,,,,,,,,,,,,,James O'Shaughnessy,4.4
,,,,,,,,,,,,,,,,,,,,,,,,Ross Dwelley,4.4
,,,,,,,,,,,,,,,,,,,,,,,,Jerry Jeudy,5.8
,,,,,,,,,,,,,,,,,,,,,,,,Demarcus Robinson,5.7
,,,,,,,,,,,,,,,,,,,,,,,,Greg Ward,5.7
,,,,,,,,,,,,,,,,,,,,,,,,Tre'Quan Smith,5.7
,,,,,,,,,,,,,,,,,,,,,,,,Gabriel Davis,5.7
,,,,,,,,,,,,,,,,,,,,,,,,Richard Rodgers,4.1
,,,,,,,,,,,,,,,,,,,,,,,,Adam Humphries,5.6
,,,,,,,,,,,,,,,,,,,,,,,,Ian Thomas,3.9
,,,,,,,,,,,,,,,,,,,,,,,,Dez Bryant,5.4
,,,,,,,,,,,,,,,,,,,,,,,,James Washington,5.4
,,,,,,,,,,,,,,,,,,,,,,,,Keith Smith,3.7
,,,,,,,,,,,,,,,,,,,,,,,,Olamide Zaccheaus,5.3
,,,,,,,,,,,,,,,,,,,,,,,,Cameron Brate,3.7
,,,,,,,,,,,,,,,,,,,,,,,,Tim Patrick,5.2
,,,,,,,,,,,,,,,,,,,,,,,,Dion Lewis,3.5
,,,,,,,,,,,,,,,,,,,,,,,,Jaylen Samuels,3.5
,,,,,,,,,,,,,,,,,,,,,,,,Steven Sims,5.1
,,,,,,,,,,,,,,,,,,,,,,,,Jacob Hollister,3.4
,,,,,,,,,,,,,,,,,,,,,,,,Qadree Ollison,3.3
,,,,,,,,,,,,,,,,,,,,,,,,Jack Doyle,3.3
,,,,,,,,,,,,,,,,,,,,,,,,Peyton Barber,3.2
,,,,,,,,,,,,,,,,,,,,,,,,Alshon Jeffery,4.8
,,,,,,,,,,,,,,,,,,,,,,,,Donte Moncrief,4.7
,,,,,,,,,,,,,,,,,,,,,,,,Jeff Smith,4.7
,,,,,,,,,,,,,,,,,,,,,,,,Tyler Kroft,3.1
,,,,,,,,,,,,,,,,,,,,,,,,Durham Smythe,3.1
,,,,,,,,,,,,,,,,,,,,,,,,Troymaine Pope,3
,,,,,,,,,,,,,,,,,,,,,,,,Pharaoh Brown,2.8
,,,,,,,,,,,,,,,,,,,,,,,,Auden Tate,4.3
,,,,,,,,,,,,,,,,,,,,,,,,Maxx Williams,2.6
,,,,,,,,,,,,,,,,,,,,,,,,Adam Shaheen,2.6
,,,,,,,,,,,,,,,,,,,,,,,,Alec Ingold,2.5
,,,,,,,,,,,,,,,,,,,,,,,,K.J. Hamler,4.1
,,,,,,,,,,,,,,,,,,,,,,,,C.J. Ham,2.4
,,,,,,,,,,,,,,,,,,,,,,,,Isaiah Wright,4
,,,,,,,,,,,,,,,,,,,,,,,,Darrell Daniels,2.4
,,,,,,,,,,,,,,,,,,,,,,,,Jace Sternberger,2.4
,,,,,,,,,,,,,,,,,,,,,,,,Mack Hollins,3.9
,,,,,,,,,,,,,,,,,,,,,,,,Quintez Cephus,3.9
,,,,,,,,,,,,,,,,,,,,,,,,Kyle Juszczyk,2.2
,,,,,,,,,,,,,,,,,,,,,,,,Adam Trautman,2.2
,,,,,,,,,,,,,,,,,,,,,,,,D'Onta Foreman,2.1
,,,,,,,,,,,,,,,,,,,,,,,,Malcolm Perry,2.1
,,,,,,,,,,,,,,,,,,,,,,,,Devin Duvernay,3.7
,,,,,,,,,,,,,,,,,,,,,,,,Cedrick Wilson,3.7
,,,,,,,,,,,,,,,,,,,,,,,,Jason Witten,2.1
,,,,,,,,,,,,,,,,,,,,,,,,Demetrius Harris,2.1
,,,,,,,,,,,,,,,,,,,,,,,,Tyler Ervin,2
,,,,,,,,,,,,,,,,,,,,,,,,Darrel Williams,2
,,,,,,,,,,,,,,,,,,,,,,,,Patrick Ricard,2
,,,,,,,,,,,,,,,,,,,,,,,,Josh Adams,1.9
,,,,,,,,,,,,,,,,,,,,,,,,Jalen Guyton,3.5
,,,,,,,,,,,,,,,,,,,,,,,,Van Jefferson,3.4
,,,,,,,,,,,,,,,,,,,,,,,,Kaden Smith,1.8
,,,,,,,,,,,,,,,,,,,,,,,,Cethan Carter,1.8
,,,,,,,,,,,,,,,,,,,,,,,,KeeSean Johnson,3.3
,,,,,,,,,,,,,,,,,,,,,,,,Cole Kmet,1.7
,,,,,,,,,,,,,,,,,,,,,,,,Jakob Johnson,1.6
,,,,,,,,,,,,,,,,,,,,,,,,Gabe Nabers,1.6
,,,,,,,,,,,,,,,,,,,,,,,,Chris Manhertz,1.6
,,,,,,,,,,,,,,,,,,,,,,,,Donald Parham,1.6
,,,,,,,,,,,,,,,,,,,,,,,,Tanner Hudson,1.5
,,,,,,,,,,,,,,,,,,,,,,,,Isaiah McKenzie,3
,,,,,,,,,,,,,,,,,,,,,,,,Ryan Griffin,1.4
,,,,,,,,,,,,,,,,,,,,,,,,Ryan Nall,1.3
,,,,,,,,,,,,,,,,,,,,,,,,Antonio Callaway,2.9
,,,,,,,,,,,,,,,,,,,,,,,,Blake Bell,1.3
,,,,,,,,,,,,,,,,,,,,,,,,Jordan Thomas,1.3
,,,,,,,,,,,,,,,,,,,,,,,,Jeremy McNichols,1.2
,,,,,,,,,,,,,,,,,,,,,,,,Trayveon Williams,1.2
,,,,,,,,,,,,,,,,,,,,,,,,Austin Mack,2.8
,,,,,,,,,,,,,,,,,,,,,,,,Marcedes Lewis,1.2
,,,,,,,,,,,,,,,,,,,,,,,,Vance McDonald,1.2
,,,,,,,,,,,,,,,,,,,,,,,,Colin Thompson,1.2
,,,,,,,,,,,,,,,,,,,,,,,,Alex Armah,1.1
,,,,,,,,,,,,,,,,,,,,,,,,Travis Homer,1.1
,,,,,,,,,,,,,,,,,,,,,,,,Freddie Swain,2.7
,,,,,,,,,,,,,,,,,,,,,,,,Nick Vannett,1.1
,,,,,,,,,,,,,,,,,,,,,,,,Jeremy Sprinkle,1.1
,,,,,,,,,,,,,,,,,,,,,,,,Trent Taylor,2.6
,,,,,,,,,,,,,,,,,,,,,,,,Deonte Harris,2.6
,,,,,,,,,,,,,,,,,,,,,,,,Luke Stocker,1
,,,,,,,,,,,,,,,,,,,,,,,,Bryan Edwards,2.5
,,,,,,,,,,,,,,,,,,,,,,,,Cameron Batson,2.5
,,,,,,,,,,,,,,,,,,,,,,,,Brandon Powell,2.5
,,,,,,,,,,,,,,,,,,,,,,,,Kenny Stills,2.4
,,,,,,,,,,,,,,,,,,,,,,,,K.J. Osborn,2.4
,,,,,,,,,,,,,,,,,,,,,,,,DeeJay Dallas,0.7
,,,,,,,,,,,,,,,,,,,,,,,,Scotty Miller,2.3
,,,,,,,,,,,,,,,,,,,,,,,,Deon Yelder,0.7
,,,,,,,,,,,,,,,,,,,,,,,,Isaac Nauta,0.7
,,,,,,,,,,,,,,,,,,,,,,,,Tyler Conklin,0.7
,,,,,,,,,,,,,,,,,,,,,,,,Nick Keizer,0.7
,,,,,,,,,,,,,,,,,,,,,,,,Elijhaa Penny,0.6
,,,,,,,,,,,,,,,,,,,,,,,,Corey Clement,0.6
,,,,,,,,,,,,,,,,,,,,,,,,Trenton Cannon,0.6
,,,,,,,,,,,,,,,,,,,,,,,,Levine Toilolo,0.6
,,,,,,,,,,,,,,,,,,,,,,,,Temarrick Hemingway,0.6
,,,,,,,,,,,,,,,,,,,,,,,,Trevon Wesco,0.6
,,,,,,,,,,,,,,,,,,,,,,,,Charlie Woerner,0.6
,,,,,,,,,,,,,,,,,,,,,,,,Foster Moreau,0.6
,,,,,,,,,,,,,,,,,,,,,,,,Troy Fumagalli,0.6
,,,,,,,,,,,,,,,,,,,,,,,,Dare Ogunbowale,0.5
,,,,,,,,,,,,,,,,,,,,,,,,Cam Sims,2.1
,,,,,,,,,,,,,,,,,,,,,,,,Tyler Johnson,2.1
,,,,,,,,,,,,,,,,,,,,,,,,Miles Boykin,2.1
,,,,,,,,,,,,,,,,,,,,,,,,Stephen Anderson,0.5
,,,,,,,,,,,,,,,,,,,,,,,,LeSean McCoy,0.4
,,,,,,,,,,,,,,,,,,,,,,,,Ameer Abdullah,0.4
,,,,,,,,,,,,,,,,,,,,,,,,Michael Burton,0.4
,,,,,,,,,,,,,,,,,,,,,,,,Khari Blasingame,0.4
,,,,,,,,,,,,,,,,,,,,,,,,D'Ernest Johnson,0.4
,,,,,,,,,,,,,,,,,,,,,,,,Royce Freeman,0.4
,,,,,,,,,,,,,,,,,,,,,,,,Jaeden Graham,0.4
,,,,,,,,,,,,,,,,,,,,,,,,Johnny Stanton,0.3
,,,,,,,,,,,,,,,,,,,,,,,,Jason Cabinda,0.3
,,,,,,,,,,,,,,,,,,,,,,,,Kalif Raymond,1.9
,,,,,,,,,,,,,,,,,,,,,,,,MyCole Pruitt,0.3
,,,,,,,,,,,,,,,,,,,,,,,,Garrett Griffin,0.3
,,,,,,,,,,,,,,,,,,,,,,,,Reggie Gilliam,0.3
,,,,,,,,,,,,,,,,,,,,,,,,Nick Bellore,0.2
,,,,,,,,,,,,,,,,,,,,,,,,Darwin Thompson,0.2
,,,,,,,,,,,,,,,,,,,,,,,,Mohamed Sanu,1.8
,,,,,,,,,,,,,,,,,,,,,,,,De'Michael Harris,1.8
,,,,,,,,,,,,,,,,,,,,,,,,Anthony Sherman,0.1
,,,,,,,,,,,,,,,,,,,,,,,,Cullen Gillaspia,0.1
,,,,,,,,,,,,,,,,,,,,,,,,Rico Dowdle,0.1
,,,,,,,,,,,,,,,,,,,,,,,,Jeremy Cox,0.1
,,,,,,,,,,,,,,,,,,,,,,,,Noah Brown,1.7
,,,,,,,,,,,,,,,,,,,,,,,,Ray-Ray McCloud III,1.7
,,,,,,,,,,,,,,,,,,,,,,,,Luke Willson,0.1
,,,,,,,,,,,,,,,,,,,,,,,,J.P. Holtz,0.1
,,,,,,,,,,,,,,,,,,,,,,,,Johnny Mundt,0.1
,,,,,,,,,,,,,,,,,,,,,,,,Sean McKeon,0.1
,,,,,,,,,,,,,,,,,,,,,,,,Buddy Howell,0
,,,,,,,,,,,,,,,,,,,,,,,,Jonathan Ward,0
,,,,,,,,,,,,,,,,,,,,,,,,Javon Wims,1.5
,,,,,,,,,,,,,,,,,,,,,,,,Andre Roberts,1.3
,,,,,,,,,,,,,,,,,,,,,,,,Brandon Zylstra,1.3
,,,,,,,,,,,,,,,,,,,,,,,,C.J. Board,1.1
,,,,,,,,,,,,,,,,,,,,,,,,Donovan Peoples-Jones,1.1
,,,,,,,,,,,,,,,,,,,,,,,,John Hightower,1.1
,,,,,,,,,,,,,,,,,,,,,,,,Alex Erickson,1
,,,,,,,,,,,,,,,,,,,,,,,,Zay Jones,1
,,,,,,,,,,,,,,,,,,,,,,,,Tyron Johnson,1
,,,,,,,,,,,,,,,,,,,,,,,,Braxton Berrios,1
,,,,,,,,,,,,,,,,,,,,,,,,Justin Watson,1
,,,,,,,,,,,,,,,,,,,,,,,,Isaiah Ford,0.6
,,,,,,,,,,,,,,,,,,,,,,,,DaeSean Hamilton,0.6
,,,,,,,,,,,,,,,,,,,,,,,,Marquez Callaway,0.5
,,,,,,,,,,,,,,,,,,,,,,,,Pharoh Cooper,0.3
,,,,,,,,,,,,,,,,,,,,,,,,Joe Reed,0.3
,,,,,,,,,,,,,,,,,,,,,,,,Nick Westbrook,0.3
,,,,,,,,,,,,,,,,,,,,,,,,James Proche,0.2
,,,,,,,,,,,,,,,,,,,,,,,,Darrius Shepherd,0.1
,,,,,,,,,,,,,,,,,,,,,,,,Equanimeous St. Brown,0.1
,,,,,,,,,,,,,,,,,,,,,,,,Malik Taylor,0.1
,,,,,,,,,,,,,,,,,,,,,,,,Josh Malone,0
,,,,,,,,,,,,,,,,,,,,,,,,Tyrie Cleveland,0
,,,,,,,,,,,,,,,,,,,,,,,,Nsimba Webster,0
,,,,,,,,,,,,,,,,,,,,,,,,Jalen Hurts,2.6
,,,,,,,,,,,,,,,,,,,,,,,,Ryan Finley,1.8
,,,,,,,,,,,,,,,,,,,,,,,,Jake Luton,1.7
,,,,,,,,,,,,,,,,,,,,,,,,Blaine Gabbert,0.9
,,,,,,,,,,,,,,,,,,,,,,,,A.J. McCarron,0.9
,,,,,,,,,,,,,,,,,,,,,,,,Matt Schaub,0.8
,,,,,,,,,,,,,,,,,,,,,,,,Chad Henne,0.8
,,,,,,,,,,,,,,,,,,,,,,,,Chase Daniel,0.8
,,,,,,,,,,,,,,,,,,,,,,,,Case Keenum,0.8
,,,,,,,,,,,,,,,,,,,,,,,,Sean Mannion,0.8
,,,,,,,,,,,,,,,,,,,,,,,,Jacoby Brissett,0.8
,,,,,,,,,,,,,,,,,,,,,,,,Reid Sinnett,0.8
,,,,,,,,,,,,,,,,,,,,,,,,John Wolford,0.8
,,,,,,,,,,,,,,,,,,,,,,,,Brian Hoyer,0.7
,,,,,,,,,,,,,,,,,,,,,,,,Colt McCoy,0.7
,,,,,,,,,,,,,,,,,,,,,,,,Geno Smith,0.7
,,,,,,,,,,,,,,,,,,,,,,,,Garrett Gilbert,0.7
,,,,,,,,,,,,,,,,,,,,,,,,Marcus Mariota,0.7
,,,,,,,,,,,,,,,,,,,,,,,,Brett Hundley,0.7
,,,,,,,,,,,,,,,,,,,,,,,,C.J. Beathard,0.7
,,,,,,,,,,,,,,,,,,,,,,,,Phillip Walker,0.7
,,,,,,,,,,,,,,,,,,,,,,,,Tim Boyle,0.7
,,,,,,,,,,,,,,,,,,,,,,,,Cole McDonald,0.7
,,,,,,,,,,,,,,,,,,,,,,,,Joe Flacco,0.6
,,,,,,,,,,,,,,,,,,,,,,,,Tyrod Taylor,0.6
,,,,,,,,,,,,,,,,,,,,,,,,Nick Foles,0.6
,,,,,,,,,,,,,,,,,,,,,,,,Jameis Winston,0.6
,,,,,,,,,,,,,,,,,,,,,,,,Trace McSorley,0.6
,,,,,,,,,,,,,,,,,,,,,,,,Dwayne Haskins,0.6
,,,,,,,,,,,,,,,,,,,,,,,,Mason Rudolph,0.6
,,,,,,,,,,,,,,,,,,,,,,,,Matt Barkley,0.5
,,,,,,,,,,,,,,,,,,,,,,,,Stephen Gostkowski,10.2
,,,,,,,,,,,,,,,,,,,,,,,,Matt Prater,9.7
,,,,,,,,,,,,,,,,,,,,,,,,Joey Slye,9.7
,,,,,,,,,,,,,,,,,,,,,,,,Jason Sanders,9.6
,,,,,,,,,,,,,,,,,,,,,,,,Ryan Succop,9.4
,,,,,,,,,,,,,,,,,,,,,,,,Greg Zuerlein,9.4
,,,,,,,,,,,,,,,,,,,,,,,,Wil Lutz,9.4
,,,,,,,,,,,,,,,,,,,,,,,,Jason Myers,9.3
,,,,,,,,,,,,,,,,,,,,,,,,Younghoe Koo,9.3
,,,,,,,,,,,,,,,,,,,,,,,,Tyler Bass,9.3
,,,,,,,,,,,,,,,,,,,,,,,,Dustin Hopkins,9.2
,,,,,,,,,,,,,,,,,,,,,,,,Jake Elliott,9.2
,,,,,,,,,,,,,,,,,,,,,,,,Harrison Butker,9.2
,,,,,,,,,,,,,,,,,,,,,,,,Austin MacGinnis,9.2
,,,,,,,,,,,,,,,,,,,,,,,,Mason Crosby,9.1
,,,,,,,,,,,,,,,,,,,,,,,,Randy Bullock,9.1
,,,,,,,,,,,,,,,,,,,,,,,,Ka'imi Fairbairn,9.1
,,,,,,,,,,,,,,,,,,,,,,,,Daniel Carlson,9.1
,,,,,,,,,,,,,,,,,,,,,,,,Rodrigo Blankenship,9.1
,,,,,,,,,,,,,,,,,,,,,,,,Robbie Gould,9
,,,,,,,,,,,,,,,,,,,,,,,,Graham Gano,9
,,,,,,,,,,,,,,,,,,,,,,,,Cody Parkey,9
,,,,,,,,,,,,,,,,,,,,,,,,Zane Gonzalez,9
,,,,,,,,,,,,,,,,,,,,,,,,Nick Folk,8.9
,,,,,,,,,,,,,,,,,,,,,,,,Sergio Castillo Jr.,8.9
,,,,,,,,,,,,,,,,,,,,,,,,Chris Boswell,8.9
,,,,,,,,,,,,,,,,,,,,,,,,Dan Bailey,8.8
,,,,,,,,,,,,,,,,,,,,,,,,Brandon Wright,8.6
,,,,,,,,,,,,,,,,,,,,,,,,Justin Tucker,8.5
,,,,,,,,,,,,,,,,,,,,,,,,Michael Badgley,8.5
,,,,,,,,,,,,,,,,,,,,,,,,Brandon McManus,8.4
,,,,,,,,,,,,,,,,,,,,,,,,Cairo Santos,8.2
,,,,,,,,,,,,,,,,,,,,,,,,Rams DST,8
,,,,,,,,,,,,,,,,,,,,,,,,Steelers DST,7.2
,,,,,,,,,,,,,,,,,,,,,,,,Bills DST,7.2
,,,,,,,,,,,,,,,,,,,,,,,,Dolphins DST,7.2
,,,,,,,,,,,,,,,,,,,,,,,,Bengals DST,7.2
,,,,,,,,,,,,,,,,,,,,,,,,Packers DST,6.7
,,,,,,,,,,,,,,,,,,,,,,,,Browns DST,6.7
,,,,,,,,,,,,,,,,,,,,,,,,Seahawks ,6.5
,,,,,,,,,,,,,,,,,,,,,,,,Giants DST,6.5
,,,,,,,,,,,,,,,,,,,,,,,,Broncos DST,6.5
,,,,,,,,,,,,,,,,,,,,,,,,Colts DST,6.2
,,,,,,,,,,,,,,,,,,,,,,,,Football Team DST,6.2
,,,,,,,,,,,,,,,,,,,,,,,,Chargers DST,6.1
,,,,,,,,,,,,,,,,,,,,,,,,Patriots DST,6
,,,,,,,,,,,,,,,,,,,,,,,,Eagles ,6
,,,,,,,,,,,,,,,,,,,,,,,,Vikings DST,5.9
,,,,,,,,,,,,,,,,,,,,,,,,Texans DST,5.8
,,,,,,,,,,,,,,,,,,,,,,,,49ers DST,5.7
,,,,,,,,,,,,,,,,,,,,,,,,Lions DST,5.6
,,,,,,,,,,,,,,,,,,,,,,,,Ravens DST,5.6
,,,,,,,,,,,,,,,,,,,,,,,,Cowboys DST,5.6
,,,,,,,,,,,,,,,,,,,,,,,,Jaguars DST,5.5
,,,,,,,,,,,,,,,,,,,,,,,,Raiders DST,5.4
,,,,,,,,,,,,,,,,,,,,,,,,Jets DST,5.4
,,,,,,,,,,,,,,,,,,,,,,,,Falcons DST,5.3
,,,,,,,,,,,,,,,,,,,,,,,,Panthers DST,5.3
,,,,,,,,,,,,,,,,,,,,,,,,Cardinals DST,4.9
,,,,,,,,,,,,,,,,,,,,,,,,Titans DST,4.9
,,,,,,,,,,,,,,,,,,,,,,,,Saints DST,4.8
,,,,,,,,,,,,,,,,,,,,,,,,Buccaneers DST,4.7
,,,,,,,,,,,,,,,,,,,,,,,,Bears DST,4.4
,,,,,,,,,,,,,,,,,,,,,,,,Chiefs DST,4.3
